Code,MCC Group1,Group Description1
0,MCCG42,Other
742,MCCG20,Building Services
763,MCCG20,Building Services
780,MCCG20,Building Services
1520,MCCG20,Building Services
1711,MCCG20,Building Services
1731,MCCG20,Building Services
1740,MCCG20,Building Services
1750,MCCG20,Building Services
1761,MCCG20,Building Services
1771,MCCG20,Building Services
1799,MCCG20,Building Services
2741,MCCG27,Office Service
2791,MCCG27,Office Service
2842,MCCG27,Office Service
3000,MCCG1,Airlines
3001,MCCG1,Airlines
3002,MCCG1,Airlines
3003,MCCG1,Airlines
3004,MCCG1,Airlines
3005,MCCG1,Airlines
3006,MCCG1,Airlines
3007,MCCG1,Airlines
3008,MCCG1,Airlines
3009,MCCG1,Airlines
3010,MCCG1,Airlines
3011,MCCG1,Airlines
3012,MCCG1,Airlines
3013,MCCG1,Airlines
3014,MCCG1,Airlines
3015,MCCG1,Airlines
3016,MCCG1,Airlines
3017,MCCG1,Airlines
3018,MCCG1,Airlines
3019,MCCG1,Airlines
3020,MCCG1,Airlines
3021,MCCG1,Airlines
3022,MCCG1,Airlines
3023,MCCG1,Airlines
3024,MCCG1,Airlines
3025,MCCG1,Airlines
3026,MCCG1,Airlines
3027,MCCG1,Airlines
3028,MCCG1,Airlines
3029,MCCG1,Airlines
3030,MCCG1,Airlines
3031,MCCG1,Airlines
3032,MCCG1,Airlines
3033,MCCG1,Airlines
3034,MCCG1,Airlines
3035,MCCG1,Airlines
3036,MCCG1,Airlines
3037,MCCG1,Airlines
3038,MCCG1,Airlines
3039,MCCG1,Airlines
3040,MCCG1,Airlines
3041,MCCG1,Airlines
3042,MCCG1,Airlines
3043,MCCG1,Airlines
3044,MCCG1,Airlines
3045,MCCG1,Airlines
3046,MCCG1,Airlines
3047,MCCG1,Airlines
3048,MCCG1,Airlines
3049,MCCG1,Airlines
3050,MCCG1,Airlines
3051,MCCG1,Airlines
3052,MCCG1,Airlines
3053,MCCG1,Airlines
3054,MCCG1,Airlines
3055,MCCG1,Airlines
3056,MCCG1,Airlines
3057,MCCG1,Airlines
3058,MCCG1,Airlines
3059,MCCG1,Airlines
3060,MCCG1,Airlines
3061,MCCG1,Airlines
3062,MCCG1,Airlines
3063,MCCG1,Airlines
3064,MCCG1,Airlines
3065,MCCG1,Airlines
3066,MCCG1,Airlines
3067,MCCG1,Airlines
3068,MCCG1,Airlines
3069,MCCG1,Airlines
3070,MCCG1,Airlines
3071,MCCG1,Airlines
3072,MCCG1,Airlines
3073,MCCG1,Airlines
3074,MCCG1,Airlines
3075,MCCG1,Airlines
3076,MCCG1,Airlines
3077,MCCG1,Airlines
3078,MCCG1,Airlines
3079,MCCG1,Airlines
3080,MCCG1,Airlines
3081,MCCG1,Airlines
3082,MCCG1,Airlines
3083,MCCG1,Airlines
3084,MCCG1,Airlines
3085,MCCG1,Airlines
3086,MCCG1,Airlines
3087,MCCG1,Airlines
3088,MCCG1,Airlines
3089,MCCG1,Airlines
3090,MCCG1,Airlines
3091,MCCG1,Airlines
3092,MCCG1,Airlines
3093,MCCG1,Airlines
3094,MCCG1,Airlines
3095,MCCG1,Airlines
3096,MCCG1,Airlines
3097,MCCG1,Airlines
3098,MCCG1,Airlines
3099,MCCG1,Airlines
3100,MCCG1,Airlines
3101,MCCG1,Airlines
3102,MCCG1,Airlines
3103,MCCG1,Airlines
3104,MCCG1,Airlines
3105,MCCG1,Airlines
3106,MCCG1,Airlines
3107,MCCG1,Airlines
3108,MCCG1,Airlines
3109,MCCG1,Airlines
3110,MCCG1,Airlines
3111,MCCG1,Airlines
3112,MCCG1,Airlines
3113,MCCG1,Airlines
3114,MCCG1,Airlines
3115,MCCG1,Airlines
3116,MCCG1,Airlines
3117,MCCG1,Airlines
3118,MCCG1,Airlines
3119,MCCG1,Airlines
3120,MCCG1,Airlines
3121,MCCG1,Airlines
3122,MCCG1,Airlines
3123,MCCG1,Airlines
3124,MCCG1,Airlines
3125,MCCG1,Airlines
3126,MCCG1,Airlines
3127,MCCG1,Airlines
3128,MCCG1,Airlines
3129,MCCG1,Airlines
3130,MCCG1,Airlines
3131,MCCG1,Airlines
3132,MCCG1,Airlines
3133,MCCG1,Airlines
3134,MCCG1,Airlines
3135,MCCG1,Airlines
3136,MCCG1,Airlines
3137,MCCG1,Airlines
3138,MCCG1,Airlines
3139,MCCG1,Airlines
3140,MCCG1,Airlines
3141,MCCG1,Airlines
3142,MCCG1,Airlines
3143,MCCG1,Airlines
3144,MCCG1,Airlines
3145,MCCG1,Airlines
3146,MCCG1,Airlines
3147,MCCG1,Airlines
3148,MCCG1,Airlines
3149,MCCG1,Airlines
3150,MCCG1,Airlines
3151,MCCG1,Airlines
3152,MCCG1,Airlines
3153,MCCG1,Airlines
3154,MCCG1,Airlines
3155,MCCG1,Airlines
3156,MCCG1,Airlines
3157,MCCG1,Airlines
3158,MCCG1,Airlines
3159,MCCG1,Airlines
3160,MCCG1,Airlines
3161,MCCG1,Airlines
3162,MCCG1,Airlines
3163,MCCG1,Airlines
3164,MCCG1,Airlines
3165,MCCG1,Airlines
3166,MCCG1,Airlines
3167,MCCG1,Airlines
3168,MCCG1,Airlines
3169,MCCG1,Airlines
3170,MCCG1,Airlines
3171,MCCG1,Airlines
3172,MCCG1,Airlines
3173,MCCG1,Airlines
3174,MCCG1,Airlines
3175,MCCG1,Airlines
3176,MCCG1,Airlines
3177,MCCG1,Airlines
3178,MCCG1,Airlines
3179,MCCG1,Airlines
3180,MCCG1,Airlines
3181,MCCG1,Airlines
3182,MCCG1,Airlines
3183,MCCG1,Airlines
3184,MCCG1,Airlines
3185,MCCG1,Airlines
3186,MCCG1,Airlines
3187,MCCG1,Airlines
3188,MCCG1,Airlines
3189,MCCG1,Airlines
3190,MCCG1,Airlines
3191,MCCG1,Airlines
3192,MCCG1,Airlines
3193,MCCG1,Airlines
3194,MCCG1,Airlines
3195,MCCG1,Airlines
3196,MCCG1,Airlines
3197,MCCG1,Airlines
3198,MCCG1,Airlines
3199,MCCG1,Airlines
3200,MCCG1,Airlines
3201,MCCG1,Airlines
3202,MCCG1,Airlines
3203,MCCG1,Airlines
3204,MCCG1,Airlines
3205,MCCG1,Airlines
3206,MCCG1,Airlines
3207,MCCG1,Airlines
3208,MCCG1,Airlines
3209,MCCG1,Airlines
3210,MCCG1,Airlines
3211,MCCG1,Airlines
3212,MCCG1,Airlines
3213,MCCG1,Airlines
3214,MCCG1,Airlines
3215,MCCG1,Airlines
3216,MCCG1,Airlines
3217,MCCG1,Airlines
3218,MCCG1,Airlines
3219,MCCG1,Airlines
3220,MCCG1,Airlines
3221,MCCG1,Airlines
3222,MCCG1,Airlines
3223,MCCG1,Airlines
3224,MCCG1,Airlines
3225,MCCG1,Airlines
3226,MCCG1,Airlines
3227,MCCG1,Airlines
3228,MCCG1,Airlines
3229,MCCG1,Airlines
3230,MCCG1,Airlines
3231,MCCG1,Airlines
3232,MCCG1,Airlines
3233,MCCG1,Airlines
3234,MCCG1,Airlines
3235,MCCG1,Airlines
3236,MCCG1,Airlines
3237,MCCG1,Airlines
3238,MCCG1,Airlines
3239,MCCG1,Airlines
3240,MCCG1,Airlines
3241,MCCG1,Airlines
3242,MCCG1,Airlines
3243,MCCG1,Airlines
3244,MCCG1,Airlines
3245,MCCG1,Airlines
3246,MCCG1,Airlines
3247,MCCG1,Airlines
3248,MCCG1,Airlines
3249,MCCG1,Airlines
3250,MCCG1,Airlines
3251,MCCG1,Airlines
3252,MCCG1,Airlines
3253,MCCG1,Airlines
3254,MCCG1,Airlines
3255,MCCG1,Airlines
3256,MCCG1,Airlines
3257,MCCG1,Airlines
3258,MCCG1,Airlines
3259,MCCG1,Airlines
3260,MCCG1,Airlines
3261,MCCG1,Airlines
3262,MCCG1,Airlines
3263,MCCG1,Airlines
3264,MCCG1,Airlines
3265,MCCG1,Airlines
3266,MCCG1,Airlines
3267,MCCG1,Airlines
3268,MCCG1,Airlines
3269,MCCG1,Airlines
3270,MCCG1,Airlines
3271,MCCG1,Airlines
3272,MCCG1,Airlines
3273,MCCG1,Airlines
3274,MCCG1,Airlines
3275,MCCG1,Airlines
3276,MCCG1,Airlines
3277,MCCG1,Airlines
3278,MCCG1,Airlines
3279,MCCG1,Airlines
3280,MCCG1,Airlines
3281,MCCG1,Airlines
3282,MCCG1,Airlines
3283,MCCG1,Airlines
3284,MCCG1,Airlines
3285,MCCG1,Airlines
3286,MCCG1,Airlines
3287,MCCG1,Airlines
3288,MCCG1,Airlines
3289,MCCG1,Airlines
3290,MCCG1,Airlines
3291,MCCG1,Airlines
3292,MCCG1,Airlines
3293,MCCG1,Airlines
3294,MCCG1,Airlines
3295,MCCG1,Airlines
3296,MCCG1,Airlines
3297,MCCG1,Airlines
3298,MCCG1,Airlines
3299,MCCG1,Airlines
3300,MCCG2,Rental Car
3301,MCCG2,Rental Car
3302,MCCG2,Rental Car
3303,MCCG2,Rental Car
3304,MCCG2,Rental Car
3305,MCCG2,Rental Car
3306,MCCG2,Rental Car
3307,MCCG2,Rental Car
3308,MCCG2,Rental Car
3309,MCCG2,Rental Car
3310,MCCG2,Rental Car
3311,MCCG2,Rental Car
3312,MCCG2,Rental Car
3313,MCCG2,Rental Car
3314,MCCG2,Rental Car
3315,MCCG2,Rental Car
3316,MCCG2,Rental Car
3317,MCCG2,Rental Car
3318,MCCG2,Rental Car
3319,MCCG2,Rental Car
3320,MCCG2,Rental Car
3321,MCCG2,Rental Car
3322,MCCG2,Rental Car
3323,MCCG2,Rental Car
3324,MCCG2,Rental Car
3325,MCCG2,Rental Car
3326,MCCG2,Rental Car
3327,MCCG2,Rental Car
3328,MCCG2,Rental Car
3329,MCCG2,Rental Car
3330,MCCG2,Rental Car
3331,MCCG2,Rental Car
3332,MCCG2,Rental Car
3333,MCCG2,Rental Car
3334,MCCG2,Rental Car
3335,MCCG2,Rental Car
3336,MCCG2,Rental Car
3337,MCCG2,Rental Car
3338,MCCG2,Rental Car
3339,MCCG2,Rental Car
3340,MCCG2,Rental Car
3341,MCCG2,Rental Car
3342,MCCG2,Rental Car
3343,MCCG2,Rental Car
3344,MCCG2,Rental Car
3345,MCCG2,Rental Car
3346,MCCG2,Rental Car
3347,MCCG2,Rental Car
3348,MCCG2,Rental Car
3349,MCCG2,Rental Car
3350,MCCG2,Rental Car
3351,MCCG2,Rental Car
3352,MCCG2,Rental Car
3353,MCCG2,Rental Car
3354,MCCG2,Rental Car
3355,MCCG2,Rental Car
3356,MCCG2,Rental Car
3357,MCCG2,Rental Car
3358,MCCG2,Rental Car
3359,MCCG2,Rental Car
3360,MCCG2,Rental Car
3361,MCCG2,Rental Car
3362,MCCG2,Rental Car
3363,MCCG2,Rental Car
3364,MCCG2,Rental Car
3365,MCCG2,Rental Car
3366,MCCG2,Rental Car
3367,MCCG2,Rental Car
3368,MCCG2,Rental Car
3369,MCCG2,Rental Car
3370,MCCG2,Rental Car
3371,MCCG2,Rental Car
3372,MCCG2,Rental Car
3373,MCCG2,Rental Car
3374,MCCG2,Rental Car
3375,MCCG2,Rental Car
3376,MCCG2,Rental Car
3377,MCCG2,Rental Car
3378,MCCG2,Rental Car
3379,MCCG2,Rental Car
3380,MCCG2,Rental Car
3381,MCCG2,Rental Car
3382,MCCG2,Rental Car
3383,MCCG2,Rental Car
3384,MCCG2,Rental Car
3385,MCCG2,Rental Car
3386,MCCG2,Rental Car
3387,MCCG2,Rental Car
3388,MCCG2,Rental Car
3389,MCCG2,Rental Car
3390,MCCG2,Rental Car
3391,MCCG2,Rental Car
3392,MCCG2,Rental Car
3393,MCCG2,Rental Car
3394,MCCG2,Rental Car
3395,MCCG2,Rental Car
3396,MCCG2,Rental Car
3397,MCCG2,Rental Car
3398,MCCG2,Rental Car
3399,MCCG2,Rental Car
3400,MCCG2,Rental Car
3401,MCCG2,Rental Car
3402,MCCG2,Rental Car
3403,MCCG2,Rental Car
3404,MCCG2,Rental Car
3405,MCCG2,Rental Car
3406,MCCG2,Rental Car
3407,MCCG2,Rental Car
3408,MCCG2,Rental Car
3409,MCCG2,Rental Car
3410,MCCG2,Rental Car
3411,MCCG2,Rental Car
3412,MCCG2,Rental Car
3413,MCCG2,Rental Car
3414,MCCG2,Rental Car
3415,MCCG2,Rental Car
3416,MCCG2,Rental Car
3417,MCCG2,Rental Car
3418,MCCG2,Rental Car
3419,MCCG2,Rental Car
3420,MCCG2,Rental Car
3421,MCCG2,Rental Car
3422,MCCG2,Rental Car
3423,MCCG2,Rental Car
3424,MCCG2,Rental Car
3425,MCCG2,Rental Car
3426,MCCG2,Rental Car
3427,MCCG2,Rental Car
3428,MCCG2,Rental Car
3429,MCCG2,Rental Car
3430,MCCG2,Rental Car
3431,MCCG2,Rental Car
3432,MCCG2,Rental Car
3433,MCCG2,Rental Car
3434,MCCG2,Rental Car
3435,MCCG2,Rental Car
3436,MCCG2,Rental Car
3437,MCCG2,Rental Car
3438,MCCG2,Rental Car
3439,MCCG2,Rental Car
3440,MCCG2,Rental Car
3441,MCCG2,Rental Car
3442,MCCG2,Rental Car
3443,MCCG2,Rental Car
3444,MCCG2,Rental Car
3445,MCCG2,Rental Car
3446,MCCG2,Rental Car
3447,MCCG2,Rental Car
3448,MCCG2,Rental Car
3449,MCCG2,Rental Car
3450,MCCG2,Rental Car
3451,MCCG2,Rental Car
3452,MCCG2,Rental Car
3453,MCCG2,Rental Car
3454,MCCG2,Rental Car
3455,MCCG2,Rental Car
3456,MCCG2,Rental Car
3457,MCCG2,Rental Car
3458,MCCG2,Rental Car
3459,MCCG2,Rental Car
3460,MCCG2,Rental Car
3461,MCCG2,Rental Car
3462,MCCG2,Rental Car
3463,MCCG2,Rental Car
3464,MCCG2,Rental Car
3465,MCCG2,Rental Car
3466,MCCG2,Rental Car
3467,MCCG2,Rental Car
3468,MCCG2,Rental Car
3469,MCCG2,Rental Car
3470,MCCG2,Rental Car
3471,MCCG2,Rental Car
3472,MCCG2,Rental Car
3473,MCCG2,Rental Car
3474,MCCG2,Rental Car
3475,MCCG2,Rental Car
3476,MCCG2,Rental Car
3477,MCCG2,Rental Car
3478,MCCG2,Rental Car
3479,MCCG2,Rental Car
3480,MCCG2,Rental Car
3481,MCCG2,Rental Car
3482,MCCG2,Rental Car
3483,MCCG2,Rental Car
3484,MCCG2,Rental Car
3485,MCCG2,Rental Car
3486,MCCG2,Rental Car
3487,MCCG2,Rental Car
3488,MCCG2,Rental Car
3489,MCCG2,Rental Car
3490,MCCG2,Rental Car
3491,MCCG2,Rental Car
3492,MCCG2,Rental Car
3493,MCCG2,Rental Car
3494,MCCG2,Rental Car
3495,MCCG2,Rental Car
3496,MCCG2,Rental Car
3497,MCCG2,Rental Car
3498,MCCG2,Rental Car
3499,MCCG2,Rental Car
3500,MCCG2,Rental Car
3501,MCCG3,Hotels
3502,MCCG3,Hotels
3503,MCCG3,Hotels
3504,MCCG3,Hotels
3505,MCCG3,Hotels
3506,MCCG3,Hotels
3507,MCCG3,Hotels
3508,MCCG3,Hotels
3509,MCCG3,Hotels
3510,MCCG3,Hotels
3511,MCCG3,Hotels
3512,MCCG3,Hotels
3513,MCCG3,Hotels
3514,MCCG3,Hotels
3515,MCCG3,Hotels
3516,MCCG3,Hotels
3517,MCCG3,Hotels
3518,MCCG3,Hotels
3519,MCCG3,Hotels
3520,MCCG3,Hotels
3521,MCCG3,Hotels
3522,MCCG3,Hotels
3523,MCCG3,Hotels
3524,MCCG3,Hotels
3525,MCCG3,Hotels
3526,MCCG3,Hotels
3527,MCCG3,Hotels
3528,MCCG3,Hotels
3529,MCCG3,Hotels
3530,MCCG3,Hotels
3531,MCCG3,Hotels
3532,MCCG3,Hotels
3533,MCCG3,Hotels
3534,MCCG3,Hotels
3535,MCCG3,Hotels
3536,MCCG3,Hotels
3537,MCCG3,Hotels
3538,MCCG3,Hotels
3539,MCCG3,Hotels
3540,MCCG3,Hotels
3541,MCCG3,Hotels
3542,MCCG3,Hotels
3543,MCCG3,Hotels
3544,MCCG3,Hotels
3545,MCCG3,Hotels
3546,MCCG3,Hotels
3547,MCCG3,Hotels
3548,MCCG3,Hotels
3549,MCCG3,Hotels
3550,MCCG3,Hotels
3551,MCCG3,Hotels
3552,MCCG3,Hotels
3553,MCCG3,Hotels
3554,MCCG3,Hotels
3555,MCCG3,Hotels
3556,MCCG3,Hotels
3557,MCCG3,Hotels
3558,MCCG3,Hotels
3559,MCCG3,Hotels
3560,MCCG3,Hotels
3561,MCCG3,Hotels
3562,MCCG3,Hotels
3563,MCCG3,Hotels
3564,MCCG3,Hotels
3565,MCCG3,Hotels
3566,MCCG3,Hotels
3567,MCCG3,Hotels
3568,MCCG3,Hotels
3569,MCCG3,Hotels
3570,MCCG3,Hotels
3571,MCCG3,Hotels
3572,MCCG3,Hotels
3573,MCCG3,Hotels
3574,MCCG3,Hotels
3575,MCCG3,Hotels
3576,MCCG3,Hotels
3577,MCCG3,Hotels
3578,MCCG3,Hotels
3579,MCCG3,Hotels
3580,MCCG3,Hotels
3581,MCCG3,Hotels
3582,MCCG3,Hotels
3583,MCCG3,Hotels
3584,MCCG3,Hotels
3585,MCCG3,Hotels
3586,MCCG3,Hotels
3587,MCCG3,Hotels
3588,MCCG3,Hotels
3589,MCCG3,Hotels
3590,MCCG3,Hotels
3591,MCCG3,Hotels
3592,MCCG3,Hotels
3593,MCCG3,Hotels
3594,MCCG3,Hotels
3595,MCCG3,Hotels
3596,MCCG3,Hotels
3597,MCCG3,Hotels
3598,MCCG3,Hotels
3599,MCCG3,Hotels
3600,MCCG3,Hotels
3601,MCCG3,Hotels
3602,MCCG3,Hotels
3603,MCCG3,Hotels
3604,MCCG3,Hotels
3605,MCCG3,Hotels
3606,MCCG3,Hotels
3607,MCCG3,Hotels
3608,MCCG3,Hotels
3609,MCCG3,Hotels
3610,MCCG3,Hotels
3611,MCCG3,Hotels
3612,MCCG3,Hotels
3613,MCCG3,Hotels
3614,MCCG3,Hotels
3615,MCCG3,Hotels
3616,MCCG3,Hotels
3617,MCCG3,Hotels
3618,MCCG3,Hotels
3619,MCCG3,Hotels
3620,MCCG3,Hotels
3621,MCCG3,Hotels
3622,MCCG3,Hotels
3623,MCCG3,Hotels
3624,MCCG3,Hotels
3625,MCCG3,Hotels
3626,MCCG3,Hotels
3627,MCCG3,Hotels
3628,MCCG3,Hotels
3629,MCCG3,Hotels
3630,MCCG3,Hotels
3631,MCCG3,Hotels
3632,MCCG3,Hotels
3633,MCCG3,Hotels
3634,MCCG3,Hotels
3635,MCCG3,Hotels
3636,MCCG3,Hotels
3637,MCCG3,Hotels
3638,MCCG3,Hotels
3639,MCCG3,Hotels
3640,MCCG3,Hotels
3641,MCCG3,Hotels
3642,MCCG3,Hotels
3643,MCCG3,Hotels
3644,MCCG3,Hotels
3645,MCCG3,Hotels
3646,MCCG3,Hotels
3647,MCCG3,Hotels
3648,MCCG3,Hotels
3649,MCCG3,Hotels
3650,MCCG3,Hotels
3651,MCCG3,Hotels
3652,MCCG3,Hotels
3653,MCCG3,Hotels
3654,MCCG3,Hotels
3655,MCCG3,Hotels
3656,MCCG3,Hotels
3657,MCCG3,Hotels
3658,MCCG3,Hotels
3659,MCCG3,Hotels
3660,MCCG3,Hotels
3661,MCCG3,Hotels
3662,MCCG3,Hotels
3663,MCCG3,Hotels
3664,MCCG3,Hotels
3665,MCCG3,Hotels
3666,MCCG3,Hotels
3667,MCCG3,Hotels
3668,MCCG3,Hotels
3669,MCCG3,Hotels
3670,MCCG3,Hotels
3671,MCCG3,Hotels
3672,MCCG3,Hotels
3673,MCCG3,Hotels
3674,MCCG3,Hotels
3675,MCCG3,Hotels
3676,MCCG3,Hotels
3677,MCCG3,Hotels
3678,MCCG3,Hotels
3679,MCCG3,Hotels
3680,MCCG3,Hotels
3681,MCCG3,Hotels
3682,MCCG3,Hotels
3683,MCCG3,Hotels
3684,MCCG3,Hotels
3685,MCCG3,Hotels
3686,MCCG3,Hotels
3687,MCCG3,Hotels
3688,MCCG3,Hotels
3689,MCCG3,Hotels
3690,MCCG3,Hotels
3691,MCCG3,Hotels
3692,MCCG3,Hotels
3693,MCCG3,Hotels
3694,MCCG3,Hotels
3695,MCCG3,Hotels
3696,MCCG3,Hotels
3697,MCCG3,Hotels
3698,MCCG3,Hotels
3699,MCCG3,Hotels
3700,MCCG3,Hotels
3701,MCCG3,Hotels
3702,MCCG3,Hotels
3703,MCCG3,Hotels
3704,MCCG3,Hotels
3705,MCCG3,Hotels
3706,MCCG3,Hotels
3707,MCCG3,Hotels
3708,MCCG3,Hotels
3709,MCCG3,Hotels
3710,MCCG3,Hotels
3711,MCCG3,Hotels
3712,MCCG3,Hotels
3713,MCCG3,Hotels
3714,MCCG3,Hotels
3715,MCCG3,Hotels
3716,MCCG3,Hotels
3717,MCCG3,Hotels
3718,MCCG3,Hotels
3719,MCCG3,Hotels
3720,MCCG3,Hotels
3721,MCCG3,Hotels
3722,MCCG3,Hotels
3723,MCCG3,Hotels
3724,MCCG3,Hotels
3725,MCCG3,Hotels
3726,MCCG3,Hotels
3727,MCCG3,Hotels
3728,MCCG3,Hotels
3729,MCCG3,Hotels
3730,MCCG3,Hotels
3731,MCCG3,Hotels
3732,MCCG3,Hotels
3733,MCCG3,Hotels
3734,MCCG3,Hotels
3735,MCCG3,Hotels
3736,MCCG3,Hotels
3737,MCCG3,Hotels
3738,MCCG3,Hotels
3739,MCCG3,Hotels
3740,MCCG3,Hotels
3741,MCCG3,Hotels
3742,MCCG3,Hotels
3743,MCCG3,Hotels
3744,MCCG3,Hotels
3745,MCCG3,Hotels
3746,MCCG3,Hotels
3747,MCCG3,Hotels
3748,MCCG3,Hotels
3749,MCCG3,Hotels
3750,MCCG3,Hotels
3751,MCCG3,Hotels
3752,MCCG3,Hotels
3753,MCCG3,Hotels
3754,MCCG3,Hotels
3755,MCCG3,Hotels
3756,MCCG3,Hotels
3757,MCCG3,Hotels
3758,MCCG3,Hotels
3759,MCCG3,Hotels
3760,MCCG3,Hotels
3761,MCCG3,Hotels
3762,MCCG3,Hotels
3763,MCCG3,Hotels
3764,MCCG3,Hotels
3765,MCCG3,Hotels
3766,MCCG3,Hotels
3767,MCCG3,Hotels
3768,MCCG3,Hotels
3769,MCCG3,Hotels
3770,MCCG3,Hotels
3771,MCCG3,Hotels
3772,MCCG3,Hotels
3773,MCCG3,Hotels
3774,MCCG3,Hotels
3775,MCCG3,Hotels
3776,MCCG3,Hotels
3777,MCCG3,Hotels
3778,MCCG3,Hotels
3779,MCCG3,Hotels
3780,MCCG3,Hotels
3781,MCCG3,Hotels
3782,MCCG3,Hotels
3783,MCCG3,Hotels
3784,MCCG3,Hotels
3785,MCCG3,Hotels
3786,MCCG3,Hotels
3787,MCCG3,Hotels
3788,MCCG3,Hotels
3789,MCCG3,Hotels
3790,MCCG3,Hotels
3791,MCCG3,Hotels
3792,MCCG3,Hotels
3793,MCCG3,Hotels
3794,MCCG3,Hotels
3795,MCCG3,Hotels
3796,MCCG3,Hotels
3797,MCCG3,Hotels
3798,MCCG3,Hotels
3799,MCCG3,Hotels
3800,MCCG3,Hotels
3801,MCCG3,Hotels
3802,MCCG3,Hotels
3803,MCCG3,Hotels
3804,MCCG3,Hotels
3805,MCCG3,Hotels
3806,MCCG3,Hotels
3807,MCCG3,Hotels
3808,MCCG3,Hotels
3809,MCCG3,Hotels
3810,MCCG3,Hotels
3811,MCCG3,Hotels
3812,MCCG3,Hotels
3813,MCCG3,Hotels
3814,MCCG3,Hotels
3815,MCCG3,Hotels
3816,MCCG3,Hotels
3817,MCCG3,Hotels
3818,MCCG3,Hotels
3819,MCCG3,Hotels
3820,MCCG3,Hotels
3821,MCCG3,Hotels
3822,MCCG3,Hotels
3823,MCCG3,Hotels
3824,MCCG3,Hotels
3825,MCCG3,Hotels
3826,MCCG3,Hotels
3827,MCCG3,Hotels
3828,MCCG3,Hotels
3829,MCCG3,Hotels
3830,MCCG3,Hotels
3831,MCCG3,Hotels
3832,MCCG3,Hotels
3833,MCCG3,Hotels
3834,MCCG3,Hotels
3835,MCCG3,Hotels
3836,MCCG3,Hotels
3837,MCCG3,Hotels
3838,MCCG3,Hotels
3839,MCCG3,Hotels
3840,MCCG3,Hotels
3841,MCCG3,Hotels
3842,MCCG3,Hotels
3843,MCCG3,Hotels
3844,MCCG3,Hotels
3845,MCCG3,Hotels
3846,MCCG3,Hotels
3847,MCCG3,Hotels
3848,MCCG3,Hotels
3849,MCCG3,Hotels
3850,MCCG3,Hotels
3851,MCCG3,Hotels
3852,MCCG3,Hotels
3853,MCCG3,Hotels
3854,MCCG3,Hotels
3855,MCCG3,Hotels
3856,MCCG3,Hotels
3857,MCCG3,Hotels
3858,MCCG3,Hotels
3859,MCCG3,Hotels
3860,MCCG3,Hotels
3861,MCCG3,Hotels
3862,MCCG3,Hotels
3863,MCCG3,Hotels
3864,MCCG3,Hotels
3865,MCCG3,Hotels
3866,MCCG3,Hotels
3867,MCCG3,Hotels
3868,MCCG3,Hotels
3869,MCCG3,Hotels
3870,MCCG3,Hotels
3871,MCCG3,Hotels
3872,MCCG3,Hotels
3873,MCCG3,Hotels
3874,MCCG3,Hotels
3875,MCCG3,Hotels
3876,MCCG3,Hotels
3877,MCCG3,Hotels
3878,MCCG3,Hotels
3879,MCCG3,Hotels
3880,MCCG3,Hotels
3881,MCCG3,Hotels
3882,MCCG3,Hotels
3883,MCCG3,Hotels
3884,MCCG3,Hotels
3885,MCCG3,Hotels
3886,MCCG3,Hotels
3887,MCCG3,Hotels
3888,MCCG3,Hotels
3889,MCCG3,Hotels
3890,MCCG3,Hotels
3891,MCCG3,Hotels
3892,MCCG3,Hotels
3893,MCCG3,Hotels
3894,MCCG3,Hotels
3895,MCCG3,Hotels
3896,MCCG3,Hotels
3897,MCCG3,Hotels
3898,MCCG3,Hotels
3899,MCCG3,Hotels
3900,MCCG3,Hotels
3901,MCCG3,Hotels
3902,MCCG3,Hotels
3903,MCCG3,Hotels
3904,MCCG3,Hotels
3905,MCCG3,Hotels
3906,MCCG3,Hotels
3907,MCCG3,Hotels
3908,MCCG3,Hotels
3909,MCCG3,Hotels
3910,MCCG3,Hotels
3911,MCCG3,Hotels
3912,MCCG3,Hotels
3913,MCCG3,Hotels
3914,MCCG3,Hotels
3915,MCCG3,Hotels
3916,MCCG3,Hotels
3917,MCCG3,Hotels
3918,MCCG3,Hotels
3919,MCCG3,Hotels
3920,MCCG3,Hotels
3921,MCCG3,Hotels
3922,MCCG3,Hotels
3923,MCCG3,Hotels
3924,MCCG3,Hotels
3925,MCCG3,Hotels
3926,MCCG3,Hotels
3927,MCCG3,Hotels
3928,MCCG3,Hotels
3929,MCCG3,Hotels
3930,MCCG3,Hotels
3931,MCCG3,Hotels
3932,MCCG3,Hotels
3933,MCCG3,Hotels
3934,MCCG3,Hotels
3935,MCCG3,Hotels
3936,MCCG3,Hotels
3937,MCCG3,Hotels
3938,MCCG3,Hotels
3939,MCCG3,Hotels
3940,MCCG3,Hotels
3941,MCCG3,Hotels
3942,MCCG3,Hotels
3943,MCCG3,Hotels
3944,MCCG3,Hotels
3945,MCCG3,Hotels
3946,MCCG3,Hotels
3947,MCCG3,Hotels
3948,MCCG3,Hotels
3949,MCCG3,Hotels
3950,MCCG3,Hotels
3951,MCCG3,Hotels
3952,MCCG3,Hotels
3953,MCCG3,Hotels
3954,MCCG3,Hotels
3955,MCCG3,Hotels
3956,MCCG3,Hotels
3957,MCCG3,Hotels
3958,MCCG3,Hotels
3959,MCCG3,Hotels
3960,MCCG3,Hotels
3961,MCCG3,Hotels
3962,MCCG3,Hotels
3963,MCCG3,Hotels
3964,MCCG3,Hotels
3965,MCCG3,Hotels
3966,MCCG3,Hotels
3967,MCCG3,Hotels
3968,MCCG3,Hotels
3969,MCCG3,Hotels
3970,MCCG3,Hotels
3971,MCCG3,Hotels
3972,MCCG3,Hotels
3973,MCCG3,Hotels
3974,MCCG3,Hotels
3975,MCCG3,Hotels
3976,MCCG3,Hotels
3977,MCCG3,Hotels
3978,MCCG3,Hotels
3979,MCCG3,Hotels
3980,MCCG3,Hotels
3981,MCCG3,Hotels
3982,MCCG3,Hotels
3983,MCCG3,Hotels
3984,MCCG3,Hotels
3985,MCCG3,Hotels
3986,MCCG3,Hotels
3987,MCCG3,Hotels
3988,MCCG3,Hotels
3989,MCCG3,Hotels
3990,MCCG3,Hotels
3991,MCCG3,Hotels
3992,MCCG3,Hotels
3993,MCCG3,Hotels
3994,MCCG3,Hotels
3995,MCCG3,Hotels
3996,MCCG3,Hotels
3997,MCCG3,Hotels
3998,MCCG3,Hotels
3999,MCCG3,Hotels
4000,MCCG3,Hotels
4011,MCCG7,Other Travel
4111,MCCG7,Other Travel
4112,MCCG7,Other Travel
4119,MCCG11,Medical
4121,MCCG7,Other Travel
4131,MCCG7,Other Travel
4214,MCCG23,Other
4215,MCCG17,Other
4225,MCCG20,Building Services
4411,MCCG6,Other Travel
4457,MCCG6,Other Travel
4468,MCCG15,Other
4511,MCCG1,Airlines
4582,MCCG1,Airlines
4722,MCCG5,Other Travel
4723,MCCG5,Other Travel
4761,MCCG7,Other Travel
4784,MCCG7,Other Travel
4789,MCCG5,Other Travel
4812,MCCG10,Office Supply
4813,MCCG10,Office Supply
4814,MCCG10,Office Supply
4815,MCCG10,Office Supply
4816,MCCG10,Office Supply
4821,MCCG10,Office Supply
4829,MCCG41,Risk
4899,MCCG24,Business Expense
4900,MCCG24,Business Expense
5013,MCCG8,Vehicle Expense
5021,MCCG38,Wholesale
5039,MCCG38,Wholesale
5044,MCCG39,Risk
5045,MCCG39,Risk
5046,MCCG38,Wholesale
5047,MCCG11,Medical
5051,MCCG38,Wholesale
5065,MCCG38,Wholesale
5072,MCCG38,Wholesale
5074,MCCG38,Wholesale
5085,MCCG38,Wholesale
5094,MCCG39,Risk
5099,MCCG38,Wholesale
5111,MCCG39,Risk
5122,MCCG38,Wholesale
5131,MCCG38,Wholesale
5137,MCCG38,Wholesale
5139,MCCG38,Wholesale
5169,MCCG38,Wholesale
5172,MCCG38,Wholesale
5192,MCCG17,Other
5193,MCCG16,Other
5198,MCCG38,Wholesale
5199,MCCG38,Wholesale
5200,MCCG39,Risk
5211,MCCG31,Wholesale
5231,MCCG31,Wholesale
5251,MCCG31,Wholesale
5261,MCCG31,Wholesale
5271,MCCG31,Wholesale
5299,MCCG31,Wholesale
5300,MCCG34,Wholesale
5309,MCCG37,Other
5310,MCCG39,Risk
5311,MCCG40,Risk
5331,MCCG34,Wholesale
5399,MCCG34,Wholesale
5411,MCCG39,Risk
5422,MCCG35,Other
5441,MCCG35,Other
5451,MCCG35,Other
5462,MCCG35,Other
5499,MCCG39,Risk
5511,MCCG21,Auto/RV Dealer
5521,MCCG21,Auto/RV Dealer
5531,MCCG8,Vehicle Expense
5532,MCCG8,Vehicle Expense
5533,MCCG8,Vehicle Expense
5541,MCCG7,Other Travel
5542,MCCG7,Other Travel
5551,MCCG22,Auto/RV Dealer
5561,MCCG22,Auto/RV Dealer
5571,MCCG22,Auto/RV Dealer
5592,MCCG22,Auto/RV Dealer
5598,MCCG22,Auto/RV Dealer
5599,MCCG22,Auto/RV Dealer
5611,MCCG40,Risk
5621,MCCG40,Risk
5631,MCCG40,Risk
5641,MCCG40,Risk
5651,MCCG40,Risk
5655,MCCG40,Risk
5661,MCCG40,Risk
5681,MCCG41,Risk
5691,MCCG40,Risk
5697,MCCG14,Other
5698,MCCG14,Other
5699,MCCG40,Risk
5712,MCCG31,Wholesale
5713,MCCG31,Wholesale
5714,MCCG31,Wholesale
5718,MCCG31,Wholesale
5719,MCCG31,Wholesale
5722,MCCG32,Other
5732,MCCG39,Risk
5733,MCCG40,Risk
5734,MCCG39,Risk
5735,MCCG39,Risk
5811,MCCG7,Other Travel
5812,MCCG4,Restaurants
5813,MCCG4,Restaurants
5814,MCCG4,Restaurants
5815,MCCG15,Other
5816,MCCG15,Other
5817,MCCG39,Risk
5818,MCCG40,Risk
5912,MCCG34,Wholesale
5921,MCCG35,Other
5931,MCCG34,Wholesale
5932,MCCG41,Risk
5933,MCCG41,Risk
5935,MCCG8,Vehicle Expense
5937,MCCG41,Risk
5940,MCCG22,Auto/RV Dealer
5941,MCCG39,Risk
5942,MCCG17,Other
5943,MCCG39,Risk
5944,MCCG41,Risk
5945,MCCG34,Wholesale
5946,MCCG39,Risk
5947,MCCG16,Other
5948,MCCG36,Other
5949,MCCG34,Wholesale
5950,MCCG36,Other
5960,MCCG33,Office Services
5962,MCCG33,Office Services
5963,MCCG33,Office Services
5964,MCCG39,Risk
5965,MCCG39,Risk
5966,MCCG33,Office Services
5967,MCCG33,Office Services
5968,MCCG17,Other
5969,MCCG39,Risk
5970,MCCG37,Other
5971,MCCG37,Other
5972,MCCG40,Risk
5973,MCCG37,Other
5975,MCCG37,Other
5976,MCCG37,Other
5977,MCCG17,Other
5978,MCCG36,Other
5983,MCCG9,Vehicle Expense
5992,MCCG16,Other
5993,MCCG37,Other
5994,MCCG36,Other
5995,MCCG37,Other
5996,MCCG37,Other
5997,MCCG37,Other
5998,MCCG36,Other
5999,MCCG39,Risk
6010,MCCG13,Money
6011,MCCG13,Money
6012,MCCG13,Money
6050,MCCG13,Money
6051,MCCG13,Money
6211,MCCG25,Office Service
6300,MCCG25,Office Service
6381,MCCG25,Office Service
6399,MCCG25,Office Service
6513,MCCG26,Other
6529,MCCG41,Risk
6530,MCCG41,Risk
6531,MCCG41,Risk
6532,MCCG41,Risk
6533,MCCG41,Risk
6534,MCCG41,Risk
6535,MCCG41,Risk
6536,MCCG41,Risk
6537,MCCG41,Risk
6538,MCCG41,Risk
6540,MCCG41,Risk
7011,MCCG3,Hotels
7012,MCCG26,Other
7032,MCCG26,Other
7033,MCCG26,Other
7210,MCCG14,Other
7211,MCCG14,Other
7216,MCCG14,Other
7217,MCCG26,Other
7221,MCCG26,Other
7230,MCCG14,Other
7251,MCCG14,Other
7261,MCCG26,Other
7273,MCCG41,Risk
7276,MCCG26,Other
7277,MCCG26,Other
7278,MCCG26,Other
7296,MCCG14,Other
7297,MCCG41,Risk
7298,MCCG39,Risk
7299,MCCG39,Risk
7311,MCCG27,Office Service
7321,MCCG27,Office Service
7322,MCCG27,Office Service
7332,MCCG12,Office Service
7333,MCCG27,Office Service
7338,MCCG12,Office Service
7339,MCCG27,Office Service
7342,MCCG27,Office Service
7349,MCCG27,Office Service
7361,MCCG27,Office Service
7372,MCCG27,Office Service
7375,MCCG27,Office Service
7379,MCCG39,Risk
7392,MCCG27,Office Service
7393,MCCG27,Office Service
7394,MCCG12,Office Service
7395,MCCG12,Office Service
7399,MCCG12,Office Service
7511,MCCG8,Vehicle Expense
7512,MCCG2,Rental Car
7513,MCCG8,Vehicle Expense
7519,MCCG8,Vehicle Expense
7523,MCCG7,Other Travel
7524,MCCG7,Other Travel
7531,MCCG8,Vehicle Expense
7534,MCCG8,Vehicle Expense
7535,MCCG8,Vehicle Expense
7538,MCCG8,Vehicle Expense
7542,MCCG8,Vehicle Expense
7549,MCCG8,Vehicle Expense
7622,MCCG39,Risk
7623,MCCG28,Other
7629,MCCG39,Risk
7631,MCCG39,Risk
7641,MCCG28,Other
7692,MCCG28,Other
7699,MCCG28,Other
7800,MCCG41,Risk
7801,MCCG41,Risk
7802,MCCG41,Risk
7829,MCCG15,Other
7832,MCCG15,Other
7841,MCCG15,Other
7911,MCCG15,Other
7922,MCCG15,Other
7929,MCCG15,Other
7932,MCCG15,Other
7933,MCCG15,Other
7941,MCCG15,Other
7991,MCCG15,Other
7992,MCCG15,Other
7993,MCCG15,Other
7994,MCCG15,Other
7995,MCCG41,Risk
7996,MCCG15,Other
7997,MCCG19,Business Expense
7998,MCCG15,Other
7999,MCCG15,Other
8011,MCCG11,Medical
8021,MCCG11,Medical
8031,MCCG11,Medical
8041,MCCG11,Medical
8042,MCCG11,Medical
8043,MCCG11,Medical
8044,MCCG11,Medical
8049,MCCG11,Medical
8050,MCCG11,Medical
8062,MCCG11,Medical
8071,MCCG11,Medical
8099,MCCG11,Medical
8111,MCCG29,Business Expense
8211,MCCG18,Business Expense
8220,MCCG18,Business Expense
8241,MCCG18,Business Expense
8244,MCCG18,Business Expense
8249,MCCG18,Business Expense
8299,MCCG18,Business Expense
8351,MCCG26,Other
8398,MCCG18,Business Expense
8641,MCCG19,Business Expense
8651,MCCG18,Business Expense
8661,MCCG18,Business Expense
8675,MCCG8,Vehicle Expense
8699,MCCG19,Business Expense
8734,MCCG26,Other
8911,MCCG29,Business Expense
8931,MCCG29,Business Expense
8999,MCCG15,Other
9211,MCCG30,Business Expense
9222,MCCG30,Business Expense
9223,MCCG30,Business Expense
9311,MCCG30,Business Expense
9399,MCCG30,Business Expense
9402,MCCG17,Other
9405,MCCG42,Other
9700,MCCG8,Vehicle Expense
9701,MCCG5,Other Travel
9702,MCCG5,Other Travel
9751,MCCG35,Other
9752,MCCG9,Vehicle Expense
9753,MCCG32,Other
9754,MCCG41,Risk
9950,MCCG42,Other
